stock_id,name,chip_trend_days,chip_concentration_threshold,chip_latest_date,chip_available_days,chip_concentration_pct,chip_concentration_pct_t0,chip_concentration_pct_t1,chip_concentration_pct_t2,chip_date_t0,chip_date_t1,chip_date_t2,chip_concentration_score,main_force_net,main_force_net_t0,main_force_net_t1,main_force_net_t2,main_force_score,broker_diff,broker_diff_t0,broker_diff_t1,broker_diff_t2,broker_diff_score,chip_signal_state,chip_signal_text,chips_updated_at,chips_status,chips_reason,finmind_token_status,finmind_token_source,finmind_token_masked,finmind_user_count,finmind_api_request_limit,finmind_remain,finmind_usage_checked_at
1101,台泥,3,15.0,2026-06-08,3,1.44,1.44,3.06,1.1,2026-06-08,2026-06-05,2026-06-04,0.0,1494657,1494657,1916345,817503,1.0,152,152,47,180,1.0,bullish_distributed,主力連3買但買賣家數差偏正，可能偏分散,2026-06-08 11:19:46,ok,,ok,FINMIND_TOKEN,eyJ0...E3S4,374,6000,5626,2026-06-08 11:19:58
1216,統一,3,15.0,2026-06-08,3,0.04,0.04,1.41,5.15,2026-06-08,2026-06-05,2026-06-04,0.0,-10771,-10771,266954,1526553,0.5,7,7,-98,-162,-0.5,neutral,籌碼震盪，方向未定,2026-06-08 11:19:46,ok,,ok,FINMIND_TOKEN,eyJ0...E3S4,374,6000,5626,2026-06-08 11:19:57
1319,東陽,3,15.0,2026-06-08,3,6.01,6.01,13.16,9.62,2026-06-08,2026-06-05,2026-06-04,0.0,1045487,1045487,2357983,1637967,1.0,-27,-27,-57,-54,-1.0,neutral,籌碼震盪，方向未定,2026-06-08 11:19:46,ok,,ok,FINMIND_TOKEN,eyJ0...E3S4,374,6000,5626,2026-06-08 11:19:58
1476,儒鴻,3,15.0,2026-06-08,3,6.05,6.05,5.02,4.25,2026-06-08,2026-06-05,2026-06-04,0.0,-173092,-173092,-140187,212472,-0.5,269,269,152,34,1.0,neutral,籌碼震盪，方向未定,2026-06-08 11:19:46,ok,,ok,FINMIND_TOKEN,eyJ0...E3S4,374,6000,5626,2026-06-08 11:19:57
1503,士電,3,15.0,2026-06-08,3,0.01,0.01,10.66,33.65,2026-06-08,2026-06-05,2026-06-04,0.5,1479,1479,-5803577,3780274,0.5,43,43,40,-556,0.5,neutral,籌碼震盪，方向未定,2026-06-08 11:19:46,ok,,ok,FINMIND_TOKEN,eyJ0...E3S4,374,6000,5626,2026-06-08 11:19:59
1513,中興電,3,15.0,2026-06-08,3,0.3,0.3,7.05,1.82,2026-06-08,2026-06-05,2026-06-04,0.0,-112387,-112387,-5687759,-2888974,-1.0,15,15,14,3,1.0,bearish_distributed,主力連3賣、買賣家數差連3正，籌碼流向散戶風險高,2026-06-08 11:19:47,ok,,ok,FINMIND_TOKEN,eyJ0...E3S4,374,6000,5626,2026-06-08 11:20:00
1514,亞力,3,15.0,2026-06-08,3,5.0,5.0,16.92,29.03,2026-06-08,2026-06-05,2026-06-04,0.0,-729133,-729133,-4652011,11005014,-0.5,121,121,117,-288,0.5,neutral,籌碼震盪，方向未定,2026-06-08 11:19:57,ok,,ok,FINMIND_TOKEN,eyJ0...E3S4,374,6000,5626,2026-06-08 11:20:09
1519,華城,3,15.0,2026-06-08,3,1.32,1.32,0.72,0.26,2026-06-08,2026-06-05,2026-06-04,0.0,-118546,-118546,-105557,101175,-0.5,148,148,88,1,1.0,neutral,籌碼震盪，方向未定,2026-06-08 11:19:57,ok,,ok,FINMIND_TOKEN,eyJ0...E3S4,374,6000,5626,2026-06-08 11:20:11
1532,勤美,3,15.0,2026-06-08,3,0.3,0.3,6.77,3.15,2026-06-08,2026-06-05,2026-06-04,0.0,-6907,-6907,129000,60286,0.5,2,2,-58,-30,-0.5,neutral,籌碼震盪，方向未定,2026-06-08 11:19:58,ok,,ok,FINMIND_TOKEN,eyJ0...E3S4,374,6000,5626,2026-06-08 11:20:07
1560,中砂,3,15.0,2026-06-08,3,4.08,4.08,0.98,1.48,2026-06-08,2026-06-05,2026-06-04,0.0,-124396,-124396,-22366,-45012,-1.0,269,269,137,24,1.0,bearish_distributed,主力連3賣、買賣家數差連3正，籌碼流向散戶風險高,2026-06-08 11:19:58,ok,,ok,FINMIND_TOKEN,eyJ0...E3S4,374,6000,5626,2026-06-08 11:20:09
1597,直得,3,15.0,2026-06-08,3,0.68,0.68,2.08,0.69,2026-06-08,2026-06-05,2026-06-04,0.0,29986,29986,114835,-42394,0.5,142,142,99,24,1.0,neutral,籌碼震盪，方向未定,2026-06-08 11:19:59,ok,,ok,FINMIND_TOKEN,eyJ0...E3S4,374,6000,5626,2026-06-08 11:20:11
1727,中華化,3,15.0,2026-06-08,3,0.34,0.34,0.61,3.51,2026-06-08,2026-06-05,2026-06-04,0.0,60099,60099,79967,-364157,0.5,7,7,47,94,1.0,neutral,籌碼震盪，方向未定,2026-06-08 11:20:00,ok,,ok,FINMIND_TOKEN,eyJ0...E3S4,374,6000,5626,2026-06-08 11:20:13
1760,寶齡富錦,3,15.0,2026-06-08,3,3.75,3.75,0.39,6.06,2026-06-08,2026-06-05,2026-06-04,0.0,20000,20000,-2050,-28002,-0.5,23,23,19,23,1.0,neutral,籌碼震盪，方向未定,2026-06-08 11:20:07,ok,,ok,FINMIND_TOKEN,eyJ0...E3S4,374,6000,5626,2026-06-08 11:20:16
1802,台玻,3,15.0,2026-06-08,3,4.92,4.92,1.47,3.47,2026-06-08,2026-06-05,2026-06-04,0.0,-4727206,-4727206,-1611791,-4446878,-1.0,15,15,33,16,1.0,bearish_distributed,主力連3賣、買賣家數差連3正，籌碼流向散戶風險高,2026-06-08 11:20:09,ok,,ok,FINMIND_TOKEN,eyJ0...E3S4,374,6000,5626,2026-06-08 11:20:27
2049,上銀,3,15.0,2026-06-08,3,1.17,1.17,1.14,0.38,2026-06-08,2026-06-05,2026-06-04,0.0,-125939,-125939,-163565,31072,-0.5,125,125,134,95,1.0,neutral,籌碼震盪，方向未定,2026-06-08 11:20:09,ok,,ok,FINMIND_TOKEN,eyJ0...E3S4,374,6000,5626,2026-06-08 11:20:22
2059,川湖,3,15.0,2026-06-08,3,21.98,21.98,1.09,0.53,2026-06-08,2026-06-05,2026-06-04,0.5,249017,249017,28981,4851,1.0,-586,-586,-93,-57,-1.0,bullish_concentrated,主力連3買、買賣家數差連3負，籌碼偏集中,2026-06-08 11:20:11,ok,,ok,FINMIND_TOKEN,eyJ0...E3S4,374,6000,5626,2026-06-08 11:20:23
2233,宇隆,3,15.0,2026-06-08,3,0.43,0.43,0.17,1.4,2026-06-08,2026-06-05,2026-06-04,0.0,-10525,-10525,-3994,-49825,-1.0,122,122,122,145,1.0,bearish_distributed,主力連3賣、買賣家數差連3正，籌碼流向散戶風險高,2026-06-08 11:20:11,ok,,ok,FINMIND_TOKEN,eyJ0...E3S4,374,6000,5626,2026-06-08 11:20:23
2301,光寶科,3,15.0,2026-06-08,3,0.92,0.92,1.76,0.13,2026-06-08,2026-06-05,2026-06-04,0.0,-426614,-426614,-1617175,-149589,-1.0,28,28,26,7,1.0,bearish_distributed,主力連3賣、買賣家數差連3正，籌碼流向散戶風險高,2026-06-08 11:20:14,ok,,ok,FINMIND_TOKEN,eyJ0...E3S4,374,6000,5626,2026-06-08 11:20:28
2308,台達電,3,15.0,2026-06-08,3,2.8,2.8,4.47,1.26,2026-06-08,2026-06-05,2026-06-04,0.0,-836323,-836323,-1078720,-201309,-1.0,29,29,62,25,1.0,bearish_distributed,主力連3賣、買賣家數差連3正，籌碼流向散戶風險高,2026-06-08 11:20:16,ok,,ok,FINMIND_TOKEN,eyJ0...E3S4,374,6000,5626,2026-06-08 11:20:31
2313,華通,3,15.0,2026-06-08,3,0.11,0.11,1.52,1.12,2026-06-08,2026-06-05,2026-06-04,0.0,103162,103162,-1946912,-887646,-0.5,3,3,11,13,1.0,neutral,籌碼震盪，方向未定,2026-06-08 11:20:22,ok,,ok,FINMIND_TOKEN,eyJ0...E3S4,374,6000,5626,2026-06-08 11:20:40
2317,鴻海,3,15.0,2026-06-08,3,1.04,1.04,1.3,4.44,2026-06-08,2026-06-05,2026-06-04,0.0,-2443209,-2443209,-2404390,-9842201,-1.0,2,2,2,3,1.0,bearish_distributed,主力連3賣、買賣家數差連3正，籌碼流向散戶風險高,2026-06-08 11:20:23,ok,,ok,FINMIND_TOKEN,eyJ0...E3S4,374,6000,5626,2026-06-08 11:20:39
2327,國巨*,3,15.0,2026-06-08,3,1.5,1.5,3.79,5.68,2026-06-08,2026-06-05,2026-06-04,0.0,-788920,-788920,-2200964,-2769799,-1.0,23,23,11,42,1.0,bearish_distributed,主力連3賣、買賣家數差連3正，籌碼流向散戶風險高,2026-06-08 11:20:23,ok,,ok,FINMIND_TOKEN,eyJ0...E3S4,374,6000,5626,2026-06-08 11:20:40
2330,台積電,3,15.0,2026-06-08,3,2.61,2.61,7.79,8.91,2026-06-08,2026-06-05,2026-06-04,0.0,-2723684,-2723684,-6062493,-5070625,-1.0,7,7,15,11,1.0,bearish_distributed,主力連3賣、買賣家數差連3正，籌碼流向散戶風險高,2026-06-08 11:20:27,ok,,ok,FINMIND_TOKEN,eyJ0...E3S4,374,6000,5626,2026-06-08 11:20:41
2360,致茂,3,15.0,2026-06-08,3,3.75,3.75,0.33,0.48,2026-06-08,2026-06-05,2026-06-04,0.0,-235585,-235585,-15713,-23849,-1.0,203,203,78,-214,0.5,bearish,主力連3賣，籌碼偏弱,2026-06-08 11:20:29,ok,,ok,FINMIND_TOKEN,eyJ0...E3S4,374,6000,5626,2026-06-08 11:20:41
2368,金像電,3,15.0,2026-06-08,3,0.62,0.62,0.21,0.14,2026-06-08,2026-06-05,2026-06-04,0.0,-72662,-72662,22798,-11849,-0.5,-7,-7,100,99,0.5,neutral,籌碼震盪，方向未定,2026-06-08 11:20:31,ok,,ok,FINMIND_TOKEN,eyJ0...E3S4,374,6000,5626,2026-06-08 11:20:44
2382,廣達,3,15.0,2026-06-08,3,0.02,0.02,4.11,0.59,2026-06-08,2026-06-05,2026-06-04,0.0,23845,23845,5655488,-864915,0.5,7,7,9,0,0.5,neutral,籌碼震盪，方向未定,2026-06-08 11:20:39,ok,,ok,FINMIND_TOKEN,eyJ0...E3S4,374,6000,5626,2026-06-08 11:20:55
2383,台光電,3,15.0,2026-06-08,3,0.48,0.48,0.17,0.02,2026-06-08,2026-06-05,2026-06-04,0.0,25586,25586,-9745,681,0.5,173,173,61,169,1.0,neutral,籌碼震盪，方向未定,2026-06-08 11:20:40,ok,,ok,FINMIND_TOKEN,eyJ0...E3S4,374,6000,5626,2026-06-08 11:20:54
2402,毅嘉,3,15.0,2026-06-08,3,0.79,0.79,1.97,5.31,2026-06-08,2026-06-05,2026-06-04,0.0,96684,96684,-285246,-912998,-0.5,62,62,185,129,1.0,neutral,籌碼震盪，方向未定,2026-06-08 11:20:41,ok,,ok,FINMIND_TOKEN,eyJ0...E3S4,374,6000,5626,2026-06-08 11:20:53
2404,漢唐,3,15.0,2026-06-08,3,4.13,4.13,1.56,0.1,2026-06-08,2026-06-05,2026-06-04,0.0,-378320,-378320,-191945,12873,-0.5,141,141,-12,-61,-0.5,neutral,籌碼震盪，方向未定,2026-06-08 11:20:41,ok,,ok,FINMIND_TOKEN,eyJ0...E3S4,374,6000,5626,2026-06-08 11:20:54
2449,京元電子,3,15.0,2026-06-08,3,6.57,6.57,4.43,3.44,2026-06-08,2026-06-05,2026-06-04,0.0,-4884407,-4884407,-2550283,2727852,-0.5,18,18,42,-7,0.5,neutral,籌碼震盪，方向未定,2026-06-08 11:20:41,ok,,ok,FINMIND_TOKEN,eyJ0...E3S4,374,6000,5626,2026-06-08 11:20:58
2454,聯發科,3,15.0,2026-06-08,3,1.37,1.37,0.38,1.75,2026-06-08,2026-06-05,2026-06-04,0.0,-432737,-432737,-91368,-339715,-1.0,20,20,21,6,1.0,bearish_distributed,主力連3賣、買賣家數差連3正，籌碼流向散戶風險高,2026-06-08 11:20:44,ok,,ok,FINMIND_TOKEN,eyJ0...E3S4,374,6000,5626,2026-06-08 11:21:01
2455,全新,3,15.0,2026-06-08,3,4.18,4.18,1.82,0.36,2026-06-08,2026-06-05,2026-06-04,0.0,-141977,-141977,-77895,-7000,-1.0,284,284,154,182,1.0,bearish_distributed,主力連3賣、買賣家數差連3正，籌碼流向散戶風險高,2026-06-08 11:20:53,ok,,ok,FINMIND_TOKEN,eyJ0...E3S4,374,6000,5626,2026-06-08 11:21:05
2467,志聖,3,15.0,2026-06-08,3,2.25,2.25,3.55,1.91,2026-06-08,2026-06-05,2026-06-04,0.0,82009,82009,-185097,110150,0.5,93,93,238,-11,0.5,neutral,籌碼震盪，方向未定,2026-06-08 11:20:54,ok,,ok,FINMIND_TOKEN,eyJ0...E3S4,374,6000,5626,2026-06-08 11:21:06
2481,強茂,3,15.0,2026-06-08,3,5.08,5.08,2.28,0.56,2026-06-08,2026-06-05,2026-06-04,0.0,-1830227,-1830227,3382334,607021,0.5,59,59,-7,-3,-0.5,neutral,籌碼震盪，方向未定,2026-06-08 11:20:54,ok,,ok,FINMIND_TOKEN,eyJ0...E3S4,374,6000,5626,2026-06-08 11:21:09
2486,一詮,3,15.0,2026-06-08,3,15.51,15.51,1.24,2.77,2026-06-08,2026-06-05,2026-06-04,-0.5,-2376253,-2376253,239918,-865769,-0.5,239,239,25,67,1.0,neutral,籌碼震盪，方向未定,2026-06-08 11:20:55,ok,,ok,FINMIND_TOKEN,eyJ0...E3S4,374,6000,5626,2026-06-08 11:21:09
2881,富邦金,3,15.0,2026-06-08,3,3.8,3.8,2.19,2.01,2026-06-08,2026-06-05,2026-06-04,0.0,7957506,7957506,2708869,-2221207,0.5,-33,-33,-130,-87,-1.0,neutral,籌碼震盪，方向未定,2026-06-08 11:20:58,ok,,ok,FINMIND_TOKEN,eyJ0...E3S4,374,6000,5626,2026-06-08 11:21:11
2885,元大金,3,15.0,2026-06-08,3,1.46,1.46,4.36,5.68,2026-06-08,2026-06-05,2026-06-04,0.0,-1356652,-1356652,-3504496,-3776523,-1.0,165,165,-44,-41,-0.5,bearish,主力連3賣，籌碼偏弱,2026-06-08 11:21:01,ok,,ok,FINMIND_TOKEN,eyJ0...E3S4,374,6000,5626,2026-06-08 11:21:14
2891,中信金,3,15.0,2026-06-08,3,1.9,1.9,4.69,0.75,2026-06-08,2026-06-05,2026-06-04,0.0,-1753535,-1753535,-5987941,-1459888,-1.0,53,53,87,77,1.0,bearish_distributed,主力連3賣、買賣家數差連3正，籌碼流向散戶風險高,2026-06-08 11:21:05,ok,,ok,FINMIND_TOKEN,eyJ0...E3S4,374,6000,5626,2026-06-08 11:21:18
2912,統一超,3,15.0,2026-06-08,3,7.19,7.19,5.05,12.96,2026-06-08,2026-06-05,2026-06-04,0.0,-864441,-864441,-557657,3491671,-0.5,408,408,212,-242,0.5,neutral,籌碼震盪，方向未定,2026-06-08 11:21:06,ok,,ok,FINMIND_TOKEN,eyJ0...E3S4,374,6000,5626,2026-06-08 11:21:18
3008,大立光,3,15.0,2026-06-08,3,1.19,1.19,1.72,0.15,2026-06-08,2026-06-05,2026-06-04,0.0,64020,64020,-77481,7902,0.5,124,124,103,106,1.0,neutral,籌碼震盪，方向未定,2026-06-08 11:21:09,ok,,ok,FINMIND_TOKEN,eyJ0...E3S4,374,6000,5626,2026-06-08 11:21:23
3013,晟銘電,3,15.0,2026-06-08,3,1.29,1.29,2.4,1.18,2026-06-08,2026-06-05,2026-06-04,0.0,-133737,-133737,-297187,-132244,-1.0,54,54,95,95,1.0,bearish_distributed,主力連3賣、買賣家數差連3正，籌碼流向散戶風險高,2026-06-08 11:21:09,ok,,ok,FINMIND_TOKEN,eyJ0...E3S4,374,6000,5626,2026-06-08 11:21:21
3017,奇鋐,3,15.0,2026-06-08,3,1.17,1.17,1.69,4.6,2026-06-08,2026-06-05,2026-06-04,0.0,-101802,-101802,-165738,-408097,-1.0,104,104,108,115,1.0,bearish_distributed,主力連3賣、買賣家數差連3正，籌碼流向散戶風險高,2026-06-08 11:21:11,ok,,ok,FINMIND_TOKEN,eyJ0...E3S4,374,6000,5626,2026-06-08 11:21:25
3023,信邦,3,15.0,2026-06-08,3,1.23,1.23,3.02,1.13,2026-06-08,2026-06-05,2026-06-04,0.0,123000,123000,259157,-15008,0.5,-3,-3,-180,126,-0.5,neutral,籌碼震盪，方向未定,2026-06-08 11:21:14,ok,,ok,FINMIND_TOKEN,eyJ0...E3S4,374,6000,5626,2026-06-08 11:21:25
3035,智原,3,15.0,2026-06-08,3,3.02,3.02,1.37,0.56,2026-06-08,2026-06-05,2026-06-04,0.0,-450493,-450493,-239023,136880,-0.5,115,115,68,74,1.0,neutral,籌碼震盪，方向未定,2026-06-08 11:21:18,ok,,ok,FINMIND_TOKEN,eyJ0...E3S4,374,6000,5626,2026-06-08 11:21:31
3037,欣興,3,15.0,2026-06-08,3,1.0,1.0,0.64,0.18,2026-06-08,2026-06-05,2026-06-04,0.0,506461,506461,330026,-46874,0.5,15,15,12,44,1.0,neutral,籌碼震盪，方向未定,2026-06-08 11:21:19,ok,,ok,FINMIND_TOKEN,eyJ0...E3S4,374,6000,5626,2026-06-08 11:21:35
3042,晶技,3,15.0,2026-06-08,3,1.16,1.16,0.84,0.97,2026-06-08,2026-06-05,2026-06-04,0.0,512157,512157,269270,-283667,0.5,2,2,-7,47,0.5,neutral,籌碼震盪，方向未定,2026-06-08 11:21:21,ok,,ok,FINMIND_TOKEN,eyJ0...E3S4,374,6000,5626,2026-06-08 11:21:36
3044,健鼎,3,15.0,2026-06-08,3,0.47,0.47,0.07,0.3,2026-06-08,2026-06-05,2026-06-04,0.0,-42387,-42387,-5126,15864,-0.5,206,206,220,66,1.0,neutral,籌碼震盪，方向未定,2026-06-08 11:21:23,ok,,ok,FINMIND_TOKEN,eyJ0...E3S4,374,6000,5626,2026-06-08 11:21:36
3081,聯亞,3,15.0,2026-06-08,3,3.11,3.11,0.75,2.92,2026-06-08,2026-06-05,2026-06-04,0.0,-148123,-148123,46169,-186065,-0.5,188,188,30,239,1.0,neutral,籌碼震盪，方向未定,2026-06-08 11:21:25,ok,,ok,FINMIND_TOKEN,eyJ0...E3S4,374,6000,5626,2026-06-08 11:21:39
3131,弘塑,3,15.0,2026-06-08,3,4.25,4.25,0.72,2.21,2026-06-08,2026-06-05,2026-06-04,0.0,-26539,-26539,-6005,21694,-0.5,272,272,237,3,1.0,neutral,籌碼震盪，方向未定,2026-06-08 11:21:25,ok,,ok,FINMIND_TOKEN,eyJ0...E3S4,374,6000,5626,2026-06-08 11:21:37
3163,波若威,3,15.0,2026-06-08,3,1.97,1.97,2.55,9.03,2026-06-08,2026-06-05,2026-06-04,0.0,-105199,-105199,248133,-717812,-0.5,171,171,31,257,1.0,neutral,籌碼震盪，方向未定,2026-06-08 11:21:31,ok,,ok,FINMIND_TOKEN,eyJ0...E3S4,374,6000,5626,2026-06-08 11:21:43
3167,大量,3,15.0,2026-06-08,3,0.78,0.78,2.37,10.11,2026-06-08,2026-06-05,2026-06-04,0.0,22000,22000,31750,132000,1.0,161,161,-131,-124,-0.5,bullish_distributed,主力連3買但買賣家數差偏正，可能偏分散,2026-06-08 11:21:35,ok,,ok,FINMIND_TOKEN,eyJ0...E3S4,374,6000,5626,2026-06-08 11:21:47
3189,景碩,3,15.0,2026-06-08,3,0.03,0.03,2.79,5.16,2026-06-08,2026-06-05,2026-06-04,0.0,-4280,-4280,-423635,-634161,-1.0,72,72,32,147,1.0,bearish_distributed,主力連3賣、買賣家數差連3正，籌碼流向散戶風險高,2026-06-08 11:21:36,ok,,ok,FINMIND_TOKEN,eyJ0...E3S4,374,6000,5626,2026-06-08 11:21:50
3231,緯創,3,15.0,2026-06-08,3,1.93,1.93,1.27,4.47,2026-06-08,2026-06-05,2026-06-04,0.0,-2738502,-2738502,-1927288,-11503777,-1.0,7,7,7,10,1.0,bearish_distributed,主力連3賣、買賣家數差連3正，籌碼流向散戶風險高,2026-06-08 11:21:36,ok,,ok,FINMIND_TOKEN,eyJ0...E3S4,374,6000,5626,2026-06-08 11:21:50
3234,光環,3,15.0,2026-06-08,3,0.73,0.73,0.89,1.34,2026-06-08,2026-06-05,2026-06-04,0.0,-58346,-58346,-79800,-169778,-1.0,130,130,108,37,1.0,bearish_distributed,主力連3賣、買賣家數差連3正，籌碼流向散戶風險高,2026-06-08 11:21:37,ok,,ok,FINMIND_TOKEN,eyJ0...E3S4,374,6000,5626,2026-06-08 11:21:48
3264,欣銓,3,15.0,2026-06-08,3,1.4,1.4,1.65,4.15,2026-06-08,2026-06-05,2026-06-04,0.0,-131802,-131802,-271470,1065982,-0.5,129,129,108,-32,0.5,neutral,籌碼震盪，方向未定,2026-06-08 11:21:39,ok,,ok,FINMIND_TOKEN,eyJ0...E3S4,374,6000,5626,2026-06-08 11:21:52
3265,台星科,3,15.0,2026-06-08,3,2.19,2.19,5.99,4.7,2026-06-08,2026-06-05,2026-06-04,0.0,63012,63012,-309177,205588,0.5,117,117,255,-90,0.5,neutral,籌碼震盪，方向未定,2026-06-08 11:21:43,ok,,ok,FINMIND_TOKEN,eyJ0...E3S4,374,6000,5626,2026-06-08 11:21:55
3289,宜特,3,15.0,2026-06-08,3,0.92,0.92,1.63,2.09,2026-06-08,2026-06-05,2026-06-04,0.0,60767,60767,-191687,-272664,-0.5,97,97,12,57,1.0,neutral,籌碼震盪，方向未定,2026-06-08 11:21:47,ok,,ok,FINMIND_TOKEN,eyJ0...E3S4,374,6000,5626,2026-06-08 11:21:58
3324,雙鴻,3,15.0,2026-06-08,3,0.07,0.07,5.32,3.39,2026-06-08,2026-06-05,2026-06-04,0.0,-4805,-4805,-486428,-475665,-1.0,100,100,138,65,1.0,bearish_distributed,主力連3賣、買賣家數差連3正，籌碼流向散戶風險高,2026-06-08 11:21:48,ok,,ok,FINMIND_TOKEN,eyJ0...E3S4,374,6000,5626,2026-06-08 11:22:01
3363,上詮,3,15.0,2026-06-08,3,2.69,2.69,1.9,4.23,2026-06-08,2026-06-05,2026-06-04,0.0,-230970,-230970,278367,-389292,-0.5,128,128,-30,113,0.5,neutral,籌碼震盪，方向未定,2026-06-08 11:21:50,ok,,ok,FINMIND_TOKEN,eyJ0...E3S4,374,6000,5626,2026-06-08 11:22:03
3374,精材,3,15.0,2026-06-08,3,1.75,1.75,2.54,3.27,2026-06-08,2026-06-05,2026-06-04,0.0,-276486,-276486,-565699,-1186127,-1.0,68,68,56,87,1.0,bearish_distributed,主力連3賣、買賣家數差連3正，籌碼流向散戶風險高,2026-06-08 11:21:50,ok,,ok,FINMIND_TOKEN,eyJ0...E3S4,374,6000,5626,2026-06-08 11:22:04
3443,創意,3,15.0,2026-06-08,3,0.21,0.21,0.41,1.48,2026-06-08,2026-06-05,2026-06-04,0.0,-7843,-7843,19518,-42127,-0.5,178,178,152,242,1.0,neutral,籌碼震盪，方向未定,2026-06-08 11:21:52,ok,,ok,FINMIND_TOKEN,eyJ0...E3S4,374,6000,5626,2026-06-08 11:22:06
3450,聯鈞,3,15.0,2026-06-08,3,1.62,1.62,1.03,0.1,2026-06-08,2026-06-05,2026-06-04,0.0,202182,202182,-389076,20746,0.5,103,103,29,69,1.0,neutral,籌碼震盪，方向未定,2026-06-08 11:21:55,ok,,ok,FINMIND_TOKEN,eyJ0...E3S4,374,6000,5626,2026-06-08 11:22:09
3481,群創,3,15.0,2026-06-08,3,3.85,3.85,1.33,1.47,2026-06-08,2026-06-05,2026-06-04,0.0,-6843452,-6843452,4625745,-5008817,-0.5,8,8,-1,-4,-0.5,neutral,籌碼震盪，方向未定,2026-06-08 11:21:58,ok,,ok,FINMIND_TOKEN,eyJ0...E3S4,374,6000,5626,2026-06-08 11:22:21
3491,昇達科,3,15.0,2026-06-08,3,3.48,3.48,0.83,6.51,2026-06-08,2026-06-05,2026-06-04,0.0,-64761,-64761,-17900,-88912,-1.0,249,249,220,245,1.0,bearish_distributed,主力連3賣、買賣家數差連3正，籌碼流向散戶風險高,2026-06-08 11:22:01,ok,,ok,FINMIND_TOKEN,eyJ0...E3S4,374,6000,5626,2026-06-08 11:22:13
3529,力旺,3,15.0,2026-06-08,3,6.71,6.71,2.43,3.16,2026-06-08,2026-06-05,2026-06-04,0.0,118878,118878,23674,54938,1.0,286,286,244,38,1.0,bullish_distributed,主力連3買但買賣家數差偏正，可能偏分散,2026-06-08 11:22:04,ok,,ok,FINMIND_TOKEN,eyJ0...E3S4,374,6000,5626,2026-06-08 11:22:16
3563,牧德,3,15.0,2026-06-08,3,0.32,0.32,1.52,1.6,2026-06-08,2026-06-05,2026-06-04,0.0,-5000,-5000,-25168,-19068,-1.0,259,259,275,186,1.0,bearish_distributed,主力連3賣、買賣家數差連3正，籌碼流向散戶風險高,2026-06-08 11:22:05,ok,,ok,FINMIND_TOKEN,eyJ0...E3S4,374,6000,5626,2026-06-08 11:22:18
3583,辛耘,3,15.0,2026-06-08,3,0.78,0.78,2.75,3.36,2026-06-08,2026-06-05,2026-06-04,0.0,26000,26000,122835,132313,1.0,177,177,-1,-49,-0.5,bullish_distributed,主力連3買但買賣家數差偏正，可能偏分散,2026-06-08 11:22:06,ok,,ok,FINMIND_TOKEN,eyJ0...E3S4,374,6000,5626,2026-06-08 11:22:18
3587,閎康,3,15.0,2026-06-08,3,6.66,6.66,0.17,3.58,2026-06-08,2026-06-05,2026-06-04,0.0,-210388,-210388,4002,-91345,-0.5,171,171,178,207,1.0,neutral,籌碼震盪，方向未定,2026-06-08 11:22:09,ok,,ok,FINMIND_TOKEN,eyJ0...E3S4,374,6000,5626,2026-06-08 11:22:20
3605,宏致,3,15.0,2026-06-08,3,0.84,0.84,0.86,3.65,2026-06-08,2026-06-05,2026-06-04,0.0,-44900,-44900,-32975,-108013,-1.0,76,76,53,137,1.0,bearish_distributed,主力連3賣、買賣家數差連3正，籌碼流向散戶風險高,2026-06-08 11:22:14,ok,,ok,FINMIND_TOKEN,eyJ0...E3S4,374,6000,5626,2026-06-08 11:22:25
3645,達邁,3,15.0,2026-06-08,3,4.38,4.38,0.91,3.68,2026-06-08,2026-06-05,2026-06-04,0.0,-333320,-333320,85279,-184357,-0.5,116,116,69,83,1.0,neutral,籌碼震盪，方向未定,2026-06-08 11:22:16,ok,,ok,FINMIND_TOKEN,eyJ0...E3S4,374,6000,5626,2026-06-08 11:22:28
3653,健策,3,15.0,2026-06-08,3,0.45,0.45,0.92,4.48,2026-06-08,2026-06-05,2026-06-04,0.0,19459,19459,-21483,-129162,-0.5,29,29,221,225,1.0,neutral,籌碼震盪，方向未定,2026-06-08 11:22:18,ok,,ok,FINMIND_TOKEN,eyJ0...E3S4,374,6000,5626,2026-06-08 11:22:31
3661,世芯-KY,3,15.0,2026-06-08,3,0.39,0.39,1.01,5.82,2026-06-08,2026-06-05,2026-06-04,0.0,11742,11742,32819,-171510,0.5,160,160,167,250,1.0,neutral,籌碼震盪，方向未定,2026-06-08 11:22:19,ok,,ok,FINMIND_TOKEN,eyJ0...E3S4,374,6000,5626,2026-06-08 11:22:33
3665,貿聯-KY,3,15.0,2026-06-08,3,2.68,2.68,2.04,2.89,2026-06-08,2026-06-05,2026-06-04,0.0,-182431,-182431,111932,-195269,-0.5,222,222,-7,261,0.5,neutral,籌碼震盪，方向未定,2026-06-08 11:22:20,ok,,ok,FINMIND_TOKEN,eyJ0...E3S4,374,6000,5626,2026-06-08 11:22:33
3680,家登,3,15.0,2026-06-08,3,1.22,1.22,9.98,2.76,2026-06-08,2026-06-05,2026-06-04,0.0,-43517,-43517,-428027,-77375,-1.0,207,207,290,105,1.0,bearish_distributed,主力連3賣、買賣家數差連3正，籌碼流向散戶風險高,2026-06-08 11:22:21,ok,,ok,FINMIND_TOKEN,eyJ0...E3S4,374,6000,5626,2026-06-08 11:22:33
3701,大眾控,3,15.0,2026-06-08,3,0.51,0.51,3.44,1.32,2026-06-08,2026-06-05,2026-06-04,0.0,-16000,-16000,-136900,96000,-0.5,75,75,149,-21,0.5,neutral,籌碼震盪，方向未定,2026-06-08 11:22:25,ok,,ok,FINMIND_TOKEN,eyJ0...E3S4,374,6000,5626,2026-06-08 11:22:36
3711,日月光投控,3,15.0,2026-06-08,3,0.34,0.34,1.79,5.53,2026-06-08,2026-06-05,2026-06-04,0.0,180235,180235,-767953,-2348610,-0.5,34,34,62,72,1.0,neutral,籌碼震盪，方向未定,2026-06-08 11:22:28,ok,,ok,FINMIND_TOKEN,eyJ0...E3S4,374,6000,5626,2026-06-08 11:22:43
3715,定穎投控,3,15.0,2026-06-08,3,0.61,0.61,1.56,8.16,2026-06-08,2026-06-05,2026-06-04,0.0,-100317,-100317,-184903,-1433736,-1.0,84,84,92,187,1.0,bearish_distributed,主力連3賣、買賣家數差連3正，籌碼流向散戶風險高,2026-06-08 11:22:31,ok,,ok,FINMIND_TOKEN,eyJ0...E3S4,374,6000,5626,2026-06-08 11:22:44
4746,台耀,3,15.0,2026-06-08,3,0.42,0.42,0.1,2.34,2026-06-08,2026-06-05,2026-06-04,0.0,7214,7214,1000,29509,1.0,15,15,3,-35,0.5,bullish_distributed,主力連3買但買賣家數差偏正，可能偏分散,2026-06-08 11:22:33,ok,,ok,FINMIND_TOKEN,eyJ0...E3S4,374,6000,5626,2026-06-08 11:22:42
4749,新應材,3,15.0,2026-06-08,3,4.33,4.33,3.77,8.71,2026-06-08,2026-06-05,2026-06-04,0.0,-164954,-164954,-82620,-179943,-1.0,264,264,235,303,1.0,bearish_distributed,主力連3賣、買賣家數差連3正，籌碼流向散戶風險高,2026-06-08 11:22:33,ok,,ok,FINMIND_TOKEN,eyJ0...E3S4,374,6000,5626,2026-06-08 11:22:45
4772,台特化,3,15.0,2026-06-08,3,5.81,5.81,3.3,6.34,2026-06-08,2026-06-05,2026-06-04,0.0,-225000,-225000,-68861,-135720,-1.0,217,217,197,146,1.0,bearish_distributed,主力連3賣、買賣家數差連3正，籌碼流向散戶風險高,2026-06-08 11:22:33,ok,,ok,FINMIND_TOKEN,eyJ0...E3S4,374,6000,5626,2026-06-08 11:22:45
4958,臻鼎-KY,3,15.0,2026-06-08,3,1.0,1.0,2.77,5.5,2026-06-08,2026-06-05,2026-06-04,0.0,215057,215057,-453385,-1167114,-0.5,26,26,41,107,1.0,neutral,籌碼震盪，方向未定,2026-06-08 11:22:37,ok,,ok,FINMIND_TOKEN,eyJ0...E3S4,374,6000,5626,2026-06-08 11:22:53
4971,IET-KY,3,15.0,2026-06-08,3,0.64,0.64,0.75,1.68,2026-06-08,2026-06-05,2026-06-04,0.0,15199,15199,-23055,-39795,-0.5,220,220,119,222,1.0,neutral,籌碼震盪，方向未定,2026-06-08 11:22:42,ok,,ok,FINMIND_TOKEN,eyJ0...E3S4,374,6000,5626,2026-06-08 11:22:53
4977,眾達-KY,3,15.0,2026-06-08,3,18.56,18.56,1.88,4.12,2026-06-08,2026-06-05,2026-06-04,-0.5,-434838,-434838,130594,-260191,-0.5,335,335,92,166,1.0,neutral,籌碼震盪，方向未定,2026-06-08 11:22:43,ok,,ok,FINMIND_TOKEN,eyJ0...E3S4,374,6000,5626,2026-06-08 11:22:56
4979,華星光,3,15.0,2026-06-08,3,12.72,12.72,10.68,7.77,2026-06-08,2026-06-05,2026-06-04,0.0,-203169,-203169,-290390,-215197,-1.0,302,302,211,205,1.0,bearish_distributed,主力連3賣、買賣家數差連3正，籌碼流向散戶風險高,2026-06-08 11:22:44,ok,,ok,FINMIND_TOKEN,eyJ0...E3S4,374,6000,5626,2026-06-08 11:22:56
4991,環宇-KY,3,15.0,2026-06-08,3,0.06,0.06,0.06,0.12,2026-06-08,2026-06-05,2026-06-04,0.0,2815,2815,-5105,-6679,-0.5,187,187,150,178,1.0,neutral,籌碼震盪，方向未定,2026-06-08 11:22:45,ok,,ok,FINMIND_TOKEN,eyJ0...E3S4,374,6000,5626,2026-06-08 11:22:58
5274,信驊,3,15.0,2026-06-08,3,0.84,0.84,0.9,2.43,2026-06-08,2026-06-05,2026-06-04,0.0,6670,6670,-5308,8082,0.5,319,319,371,-215,0.5,neutral,籌碼震盪，方向未定,2026-06-08 11:22:45,ok,,ok,FINMIND_TOKEN,eyJ0...E3S4,374,6000,5626,2026-06-08 11:22:58
5289,宜鼎,3,15.0,2026-06-08,3,0.5,0.5,0.53,3.01,2026-06-08,2026-06-05,2026-06-04,0.0,-43134,-43134,-45329,177920,-0.5,60,60,124,8,1.0,neutral,籌碼震盪，方向未定,2026-06-08 11:22:53,ok,,ok,FINMIND_TOKEN,eyJ0...E3S4,374,6000,5626,2026-06-08 11:23:07
5347,世界,3,15.0,2026-06-08,3,0.62,0.62,6.44,4.01,2026-06-08,2026-06-05,2026-06-04,0.0,403891,403891,-3356780,-2298487,-0.5,56,56,72,86,1.0,neutral,籌碼震盪，方向未定,2026-06-08 11:22:54,ok,,ok,FINMIND_TOKEN,eyJ0...E3S4,374,6000,5626,2026-06-08 11:23:07
5443,均豪,3,15.0,2026-06-08,3,0.28,0.28,1.74,7.55,2026-06-08,2026-06-05,2026-06-04,0.0,-17644,-17644,-105461,-559595,-1.0,106,106,181,184,1.0,bearish_distributed,主力連3賣、買賣家數差連3正，籌碼流向散戶風險高,2026-06-08 11:22:56,ok,,ok,FINMIND_TOKEN,eyJ0...E3S4,374,6000,5626,2026-06-08 11:23:07
5536,聖暉*,3,15.0,2026-06-08,3,4.49,4.49,4.36,5.93,2026-06-08,2026-06-05,2026-06-04,0.0,143029,143029,234463,219946,1.0,88,88,-138,-205,-0.5,bullish_distributed,主力連3買但買賣家數差偏正，可能偏分散,2026-06-08 11:22:57,ok,,ok,FINMIND_TOKEN,eyJ0...E3S4,374,6000,5626,2026-06-08 11:23:08
5871,中租-KY,3,15.0,2026-06-08,3,11.26,11.26,8.73,15.18,2026-06-08,2026-06-05,2026-06-04,0.5,4281858,4281858,3830048,7554322,1.0,17,17,15,-138,0.5,bullish_distributed,主力連3買但買賣家數差偏正，可能偏分散,2026-06-08 11:22:58,ok,,ok,FINMIND_TOKEN,eyJ0...E3S4,374,6000,5626,2026-06-08 11:23:09
6005,群益證,3,15.0,2026-06-08,3,7.69,7.69,0.88,3.05,2026-06-08,2026-06-05,2026-06-04,0.0,-4968868,-4968868,625403,-2944000,-0.5,207,207,-75,102,0.5,neutral,籌碼震盪，方向未定,2026-06-08 11:22:58,ok,,ok,FINMIND_TOKEN,eyJ0...E3S4,374,6000,5626,2026-06-08 11:23:11
6139,亞翔,3,15.0,2026-06-08,3,18.78,18.78,0.29,0.73,2026-06-08,2026-06-05,2026-06-04,-0.5,-1719363,-1719363,54611,134690,0.5,248,248,12,-95,0.5,neutral,籌碼震盪，方向未定,2026-06-08 11:23:07,ok,,ok,FINMIND_TOKEN,eyJ0...E3S4,374,6000,5626,2026-06-08 11:23:20
6187,萬潤,3,15.0,2026-06-08,3,1.16,1.16,3.73,2.71,2026-06-08,2026-06-05,2026-06-04,0.0,-44908,-44908,317983,231035,0.5,128,128,-45,-53,-0.5,neutral,籌碼震盪，方向未定,2026-06-08 11:23:07,ok,,ok,FINMIND_TOKEN,eyJ0...E3S4,374,6000,5626,2026-06-08 11:23:20
6196,帆宣,3,15.0,2026-06-08,3,1.01,1.01,2.12,1.71,2026-06-08,2026-06-05,2026-06-04,0.0,32601,32601,91273,63727,1.0,168,168,57,-12,0.5,bullish_distributed,主力連3買但買賣家數差偏正，可能偏分散,2026-06-08 11:23:08,ok,,ok,FINMIND_TOKEN,eyJ0...E3S4,374,6000,5626,2026-06-08 11:23:19
6197,佳必琪,3,15.0,2026-06-08,3,0.43,0.43,1.59,8.54,2026-06-08,2026-06-05,2026-06-04,0.0,62143,62143,229906,-885739,0.5,9,9,25,197,1.0,neutral,籌碼震盪，方向未定,2026-06-08 11:23:08,ok,,ok,FINMIND_TOKEN,eyJ0...E3S4,374,6000,5626,2026-06-08 11:23:22
6213,聯茂,3,15.0,2026-06-08,3,0.4,0.4,0.09,0.69,2026-06-08,2026-06-05,2026-06-04,0.0,-59900,-59900,-14343,-99654,-1.0,63,63,80,108,1.0,bearish_distributed,主力連3賣、買賣家數差連3正，籌碼流向散戶風險高,2026-06-08 11:23:09,ok,,ok,FINMIND_TOKEN,eyJ0...E3S4,374,6000,5626,2026-06-08 11:23:25
6217,中探針,3,15.0,2026-06-08,3,21.5,21.5,1.14,1.89,2026-06-08,2026-06-05,2026-06-04,-0.5,-637613,-637613,-181712,-355280,-1.0,322,322,124,117,1.0,bearish_distributed,主力連3賣、買賣家數差連3正，籌碼流向散戶風險高,2026-06-08 11:23:11,ok,,ok,FINMIND_TOKEN,eyJ0...E3S4,374,6000,5626,2026-06-08 11:23:23
6223,旺矽,3,15.0,2026-06-08,3,0.97,0.97,0.75,1.5,2026-06-08,2026-06-05,2026-06-04,0.0,-19661,-19661,-19273,27030,-0.5,233,233,266,-106,0.5,neutral,籌碼震盪，方向未定,2026-06-08 11:23:19,ok,,ok,FINMIND_TOKEN,eyJ0...E3S4,374,6000,5626,2026-06-08 11:23:33
6243,迅杰,3,15.0,2026-06-08,3,1.4,1.4,6.16,1.46,2026-06-08,2026-06-05,2026-06-04,0.0,-8000,-8000,-59885,8940,-0.5,45,45,103,35,1.0,neutral,籌碼震盪，方向未定,2026-06-08 11:23:20,ok,,ok,FINMIND_TOKEN,eyJ0...E3S4,374,6000,5626,2026-06-08 11:23:30
6257,矽格,3,15.0,2026-06-08,3,17.84,17.84,1.86,6.97,2026-06-08,2026-06-05,2026-06-04,-0.5,-4115023,-4115023,-326785,-1629608,-1.0,166,166,138,33,1.0,bearish_distributed,主力連3賣、買賣家數差連3正，籌碼流向散戶風險高,2026-06-08 11:23:20,ok,,ok,FINMIND_TOKEN,eyJ0...E3S4,374,6000,5626,2026-06-08 11:23:34
6274,台燿,3,15.0,2026-06-08,3,1.05,1.05,1.06,0.07,2026-06-08,2026-06-05,2026-06-04,0.0,-124389,-124389,-172116,4715,-0.5,115,115,58,52,1.0,neutral,籌碼震盪，方向未定,2026-06-08 11:23:22,ok,,ok,FINMIND_TOKEN,eyJ0...E3S4,374,6000,5626,2026-06-08 11:23:34
6278,台表科,3,15.0,2026-06-08,3,1.76,1.76,1.03,0.12,2026-06-08,2026-06-05,2026-06-04,0.0,410191,410191,152815,15893,1.0,64,64,77,28,1.0,bullish_distributed,主力連3買但買賣家數差偏正，可能偏分散,2026-06-08 11:23:23,ok,,ok,FINMIND_TOKEN,eyJ0...E3S4,374,6000,5626,2026-06-08 11:23:37
6282,康舒,3,15.0,2026-06-08,3,3.14,3.14,9.65,9.43,2026-06-08,2026-06-05,2026-06-04,0.0,2831246,2831246,-21848064,23201431,0.5,18,18,33,-9,0.5,neutral,籌碼震盪，方向未定,2026-06-08 11:23:25,ok,,ok,FINMIND_TOKEN,eyJ0...E3S4,374,6000,5626,2026-06-08 11:23:41
6285,啟碁,3,15.0,2026-06-08,3,0.94,0.94,1.38,1.12,2026-06-08,2026-06-05,2026-06-04,0.0,184439,184439,342346,-254908,0.5,76,76,43,46,1.0,neutral,籌碼震盪，方向未定,2026-06-08 11:23:30,ok,,ok,FINMIND_TOKEN,eyJ0...E3S4,374,6000,5626,2026-06-08 11:23:45
6412,群電,3,15.0,2026-06-08,3,5.4,5.4,15.22,10.36,2026-06-08,2026-06-05,2026-06-04,-0.5,-585010,-585010,-1793779,-1078045,-1.0,110,110,248,104,1.0,bearish_distributed,主力連3賣、買賣家數差連3正，籌碼流向散戶風險高,2026-06-08 11:23:33,ok,,ok,FINMIND_TOKEN,eyJ0...E3S4,374,6000,5626,2026-06-08 11:23:44
6414,樺漢,3,15.0,2026-06-08,3,0.51,0.51,2.28,6.56,2026-06-08,2026-06-05,2026-06-04,0.0,-20182,-20182,82220,234997,0.5,155,155,23,-76,0.5,neutral,籌碼震盪，方向未定,2026-06-08 11:23:34,ok,,ok,FINMIND_TOKEN,eyJ0...E3S4,374,6000,5626,2026-06-08 11:23:46
6442,光聖,3,15.0,2026-06-08,3,1.1,1.1,1.63,0.64,2026-06-08,2026-06-05,2026-06-04,0.0,25130,25130,149060,-71648,0.5,128,128,6,-19,0.5,neutral,籌碼震盪，方向未定,2026-06-08 11:23:35,ok,,ok,FINMIND_TOKEN,eyJ0...E3S4,374,6000,5626,2026-06-08 11:23:48
6451,訊芯-KY,3,15.0,2026-06-08,3,3.18,3.18,1.42,0.27,2026-06-08,2026-06-05,2026-06-04,0.0,-175630,-175630,-291317,61148,-0.5,256,256,36,15,1.0,neutral,籌碼震盪，方向未定,2026-06-08 11:23:37,ok,,ok,FINMIND_TOKEN,eyJ0...E3S4,374,6000,5626,2026-06-08 11:23:50
6510,精測,3,15.0,2026-06-08,3,1.76,1.76,8.72,2.24,2026-06-08,2026-06-05,2026-06-04,0.0,50063,50063,-150649,72837,0.5,-161,-161,289,-130,-0.5,neutral,籌碼震盪，方向未定,2026-06-08 11:23:41,ok,,ok,FINMIND_TOKEN,eyJ0...E3S4,374,6000,5626,2026-06-08 11:23:52
6515,穎崴,3,15.0,2026-06-08,3,0.58,0.58,1.66,0.86,2026-06-08,2026-06-05,2026-06-04,0.0,-6338,-6338,-7870,5895,-0.5,195,195,185,-17,0.5,neutral,籌碼震盪，方向未定,2026-06-08 11:23:44,ok,,ok,FINMIND_TOKEN,eyJ0...E3S4,374,6000,5626,2026-06-08 11:23:58
6526,達發,3,15.0,2026-06-08,3,0.61,0.61,2.07,3.23,2026-06-08,2026-06-05,2026-06-04,0.0,10079,10079,-24738,-52168,-0.5,209,209,207,165,1.0,neutral,籌碼震盪，方向未定,2026-06-08 11:23:45,ok,,ok,FINMIND_TOKEN,eyJ0...E3S4,374,6000,5626,2026-06-08 11:23:57
6531,愛普*,3,15.0,2026-06-08,3,16.7,16.7,2.4,1.31,2026-06-08,2026-06-05,2026-06-04,-0.5,-311716,-311716,254318,105052,0.5,345,345,87,102,1.0,neutral,籌碼震盪，方向未定,2026-06-08 11:23:46,ok,,ok,FINMIND_TOKEN,eyJ0...E3S4,374,6000,5626,2026-06-08 11:23:59
6640,均華,3,15.0,2026-06-08,3,0.29,0.29,3.9,9.04,2026-06-08,2026-06-05,2026-06-04,0.0,-1957,-1957,-29588,-137442,-1.0,229,229,272,350,1.0,bearish_distributed,主力連3賣、買賣家數差連3正，籌碼流向散戶風險高,2026-06-08 11:23:49,ok,,ok,FINMIND_TOKEN,eyJ0...E3S4,374,6000,5626,2026-06-08 11:23:59
6643,M31,3,15.0,2026-06-08,3,11.37,11.37,0.91,3.11,2026-06-08,2026-06-05,2026-06-04,0.0,-83915,-83915,-10837,-34684,-1.0,376,376,162,176,1.0,bearish_distributed,主力連3賣、買賣家數差連3正，籌碼流向散戶風險高,2026-06-08 11:23:50,ok,,ok,FINMIND_TOKEN,eyJ0...E3S4,374,6000,5626,2026-06-08 11:24:01
6664,群翊,3,15.0,2026-06-08,3,2.48,2.48,0.3,0.44,2026-06-08,2026-06-05,2026-06-04,0.0,-31000,-31000,3620,-5143,-0.5,221,221,210,141,1.0,neutral,籌碼震盪，方向未定,2026-06-08 11:23:52,ok,,ok,FINMIND_TOKEN,eyJ0...E3S4,374,6000,5626,2026-06-08 11:24:04
6669,緯穎,3,15.0,2026-06-08,3,2.08,2.08,0.29,0.14,2026-06-08,2026-06-05,2026-06-04,0.0,-80387,-80387,11699,4730,0.5,153,153,-22,37,0.5,neutral,籌碼震盪，方向未定,2026-06-08 11:23:57,ok,,ok,FINMIND_TOKEN,eyJ0...E3S4,374,6000,5626,2026-06-08 11:24:12
6672,騰輝電子-KY,3,15.0,2026-06-08,3,1.14,1.14,2.3,1.5,2026-06-08,2026-06-05,2026-06-04,0.0,78811,78811,-158707,215230,0.5,64,64,97,2,1.0,neutral,籌碼震盪，方向未定,2026-06-08 11:23:58,ok,,ok,FINMIND_TOKEN,eyJ0...E3S4,374,6000,5626,2026-06-08 11:24:10
6683,雍智科技,3,15.0,2026-06-08,3,1.85,1.85,1.66,0.43,2026-06-08,2026-06-05,2026-06-04,0.0,36411,36411,36630,-5231,0.5,259,259,208,197,1.0,neutral,籌碼震盪，方向未定,2026-06-08 11:23:59,ok,,ok,FINMIND_TOKEN,eyJ0...E3S4,374,6000,5626,2026-06-08 11:24:11
6691,洋基工程,3,15.0,2026-06-08,3,2.12,2.12,3.89,4.72,2026-06-08,2026-06-05,2026-06-04,0.0,-31124,-31124,38625,-74903,-0.5,275,275,72,133,1.0,neutral,籌碼震盪，方向未定,2026-06-08 11:23:59,ok,,ok,FINMIND_TOKEN,eyJ0...E3S4,374,6000,5626,2026-06-08 11:24:11
6693,廣閎科,3,15.0,2026-06-08,3,1.47,1.47,0.82,4.93,2026-06-08,2026-06-05,2026-06-04,0.0,88221,88221,-36800,100100,0.5,-55,-55,15,-49,-0.5,neutral,籌碼震盪，方向未定,2026-06-08 11:24:01,ok,,ok,FINMIND_TOKEN,eyJ0...E3S4,374,6000,5626,2026-06-08 11:24:11
6789,采鈺,3,15.0,2026-06-08,3,2.37,2.37,0.53,5.66,2026-06-08,2026-06-05,2026-06-04,0.0,131408,131408,-30053,-210481,-0.5,150,150,144,212,1.0,neutral,籌碼震盪，方向未定,2026-06-08 11:24:04,ok,,ok,FINMIND_TOKEN,eyJ0...E3S4,374,6000,5626,2026-06-08 11:24:17
6805,富世達,3,15.0,2026-06-08,3,0.14,0.14,1.36,2.04,2026-06-08,2026-06-05,2026-06-04,0.0,-3737,-3737,-39017,-48539,-1.0,144,144,109,125,1.0,bearish_distributed,主力連3賣、買賣家數差連3正，籌碼流向散戶風險高,2026-06-08 11:24:11,ok,,ok,FINMIND_TOKEN,eyJ0...E3S4,374,6000,5626,2026-06-08 11:24:23
6940,格斯科技*,3,15.0,2026-06-08,3,6.5,6.5,1.0,0.04,2026-06-08,2026-06-05,2026-06-04,0.0,-200986,-200986,22706,1000,0.5,90,90,63,30,1.0,neutral,籌碼震盪，方向未定,2026-06-08 11:24:11,ok,,ok,FINMIND_TOKEN,eyJ0...E3S4,374,6000,5626,2026-06-08 11:24:20
7711,永擎,3,15.0,2026-06-08,3,2.15,2.15,1.19,3.82,2026-06-08,2026-06-05,2026-06-04,0.0,-30863,-30863,34623,-44797,-0.5,172,172,5,205,1.0,neutral,籌碼震盪，方向未定,2026-06-08 11:24:11,ok,,ok,FINMIND_TOKEN,eyJ0...E3S4,374,6000,5626,2026-06-08 11:24:23
7717,萊德光電-KY,3,15.0,2026-06-08,3,6.82,6.82,7.07,1.97,2026-06-08,2026-06-05,2026-06-04,0.0,-48990,-48990,-60051,-9473,-1.0,189,189,275,208,1.0,bearish_distributed,主力連3賣、買賣家數差連3正，籌碼流向散戶風險高,2026-06-08 11:24:12,ok,,ok,FINMIND_TOKEN,eyJ0...E3S4,374,6000,5626,2026-06-08 11:24:22
7728,光焱科技,3,15.0,2026-06-08,3,0.63,0.63,2.59,1.62,2026-06-08,2026-06-05,2026-06-04,0.0,1000,1000,3000,2020,1.0,66,66,-13,6,0.5,bullish_distributed,主力連3買但買賣家數差偏正，可能偏分散,2026-06-08 11:24:12,ok,,ok,FINMIND_TOKEN,eyJ0...E3S4,374,6000,5626,2026-06-08 11:24:21
7734,印能科技,3,15.0,2026-06-08,3,0.0,0.0,0.82,4.76,2026-06-08,2026-06-05,2026-06-04,0.0,-10,-10,2127,-6995,-0.5,182,182,216,222,1.0,neutral,籌碼震盪，方向未定,2026-06-08 11:24:17,ok,,ok,FINMIND_TOKEN,eyJ0...E3S4,374,6000,5626,2026-06-08 11:24:28
7769,鴻勁,3,15.0,2026-06-08,3,0.46,0.46,0.7,1.36,2026-06-08,2026-06-05,2026-06-04,0.0,-8650,-8650,-9584,11861,-0.5,240,240,146,170,1.0,neutral,籌碼震盪，方向未定,2026-06-08 11:24:20,ok,,ok,FINMIND_TOKEN,eyJ0...E3S4,374,6000,5626,2026-06-08 11:24:33
7792,安葆,3,15.0,2026-06-08,3,12.88,12.88,14.35,4.04,2026-06-08,2026-06-05,2026-06-04,0.0,-112000,-112000,-51000,-17000,-1.0,165,165,126,88,1.0,bearish_distributed,主力連3賣、買賣家數差連3正，籌碼流向散戶風險高,2026-06-08 11:24:21,ok,,ok,FINMIND_TOKEN,eyJ0...E3S4,374,6000,5626,2026-06-08 11:24:30
7828,創新服務,3,15.0,2026-06-08,3,2.22,2.22,1.62,3.9,2026-06-08,2026-06-05,2026-06-04,0.0,8600,8600,5961,24043,1.0,67,67,85,-5,0.5,bullish_distributed,主力連3買但買賣家數差偏正，可能偏分散,2026-06-08 11:24:22,ok,,ok,FINMIND_TOKEN,eyJ0...E3S4,374,6000,5626,2026-06-08 11:24:33
7856,漢測,3,15.0,2026-06-08,3,7.11,7.11,11.06,2.01,2026-06-08,2026-06-05,2026-06-04,0.0,-22483,-22483,-43518,4899,-0.5,232,232,253,10,1.0,neutral,籌碼震盪，方向未定,2026-06-08 11:24:23,ok,,ok,FINMIND_TOKEN,eyJ0...E3S4,374,6000,5626,2026-06-08 11:24:32
7899,景美,3,15.0,2026-06-08,3,0.32,0.32,3.69,0.15,2026-06-08,2026-06-05,2026-06-04,0.0,1794,1794,-16355,876,0.5,148,148,78,77,1.0,neutral,籌碼震盪，方向未定,2026-06-08 11:24:23,ok,,ok,FINMIND_TOKEN,eyJ0...E3S4,374,6000,5626,2026-06-08 11:24:32
8021,尖點,3,15.0,2026-06-08,3,12.39,12.39,7.09,15.12,2026-06-08,2026-06-05,2026-06-04,-0.5,480859,480859,138000,-284540,0.5,-10,-10,-42,240,-0.5,neutral,籌碼震盪，方向未定,2026-06-08 11:24:28,ok,,ok,FINMIND_TOKEN,eyJ0...E3S4,374,6000,5626,2026-06-08 11:24:41
8027,鈦昇,3,15.0,2026-06-08,3,18.54,18.54,5.0,2.13,2026-06-08,2026-06-05,2026-06-04,-0.5,-730933,-730933,166210,51590,0.5,311,311,27,53,1.0,neutral,籌碼震盪，方向未定,2026-06-08 11:24:30,ok,,ok,FINMIND_TOKEN,eyJ0...E3S4,374,6000,5626,2026-06-08 11:24:43
8028,昇陽半導體,3,15.0,2026-06-08,3,15.21,15.21,0.42,1.32,2026-06-08,2026-06-05,2026-06-04,-0.5,-1291849,-1291849,-58205,156198,-0.5,312,312,23,6,1.0,neutral,籌碼震盪，方向未定,2026-06-08 11:24:32,ok,,ok,FINMIND_TOKEN,eyJ0...E3S4,374,6000,5626,2026-06-08 11:24:46
8046,南電,3,15.0,2026-06-08,3,0.96,0.96,0.15,0.01,2026-06-08,2026-06-05,2026-06-04,0.0,289091,289091,42421,-1627,0.5,18,18,64,80,1.0,neutral,籌碼震盪，方向未定,2026-06-08 11:24:33,ok,,ok,FINMIND_TOKEN,eyJ0...E3S4,374,6000,5626,2026-06-08 11:24:49
8155,博智,3,15.0,2026-06-08,3,1.13,1.13,0.65,7.6,2026-06-08,2026-06-05,2026-06-04,0.0,-28603,-28603,-18107,-167957,-1.0,177,177,251,308,1.0,bearish_distributed,主力連3賣、買賣家數差連3正，籌碼流向散戶風險高,2026-06-08 11:24:33,ok,,ok,FINMIND_TOKEN,eyJ0...E3S4,374,6000,5626,2026-06-08 11:24:45
8299,群聯,3,15.0,2026-06-08,3,2.34,2.34,2.07,1.57,2026-06-08,2026-06-05,2026-06-04,0.0,397606,397606,-474758,-241852,-0.5,59,59,46,54,1.0,neutral,籌碼震盪，方向未定,2026-06-08 11:24:33,ok,,ok,FINMIND_TOKEN,eyJ0...E3S4,374,6000,5626,2026-06-08 11:24:49
8358,金居,3,15.0,2026-06-08,3,1.61,1.61,4.26,2.09,2026-06-08,2026-06-05,2026-06-04,0.0,91724,91724,-285996,-779311,-0.5,134,134,46,44,1.0,neutral,籌碼震盪，方向未定,2026-06-08 11:24:41,ok,,ok,FINMIND_TOKEN,eyJ0...E3S4,374,6000,5626,2026-06-08 11:24:54
8996,高力,3,15.0,2026-06-08,3,3.14,3.14,1.57,5.74,2026-06-08,2026-06-05,2026-06-04,0.0,365870,365870,90841,421643,1.0,-84,-84,36,-72,-0.5,bullish_distributed,主力連3買但買賣家數差偏正，可能偏分散,2026-06-08 11:24:43,ok,,ok,FINMIND_TOKEN,eyJ0...E3S4,374,6000,5626,2026-06-08 11:24:55
